Workbook

Sheet danh-muc-linh-kien
A1: ma_linh_kien | B1: ten_thiet_bi | C1: don_gia | D1: loai_storage
A2: SSD001 | B2: SSD 256GB | C2: 650000 | D2: SSD
A3: SSD002 | B3: SSD 512GB | C3: 950000 | D3: SSD
A4: HDD001 | B4: HDD 1TB | C4: 800000 | D4: HDD
A5: RAM001 | B5: RAM 8GB | C5: 450000 | D5: N/A
A6: CPU001 | B6: CPU 4 cores | C6: 1800000 | D6: N/A

Sheet trang-thai-tram
A1: ma_tram | B1: ma_linh_kien | C1: dung_luong_ram | D1: ngay_lap_dat | E1: ten_thiet_bi | F1: don_gia
A2: TRAM001 | B2: SSD001 | C2: 8GB | D2: 2026-10-01 | E2: =IFERROR(VLOOKUP(TRIM(B2),'danh-muc-linh-kien'!$A$2:$D$6,2,FALSE),"KHONG TIM THAY") -> SSD 256GB | F2: =IFERROR(VLOOKUP(TRIM(B2),'danh-muc-linh-kien'!$A$2:$D$6,3,FALSE),0) -> 650000
A3: TRAM002 | B3: SSD002 | C3: 8GB | D3: 2026-10-01 | E3: =IFERROR(VLOOKUP(TRIM(B3),'danh-muc-linh-kien'!$A$2:$D$6,2,FALSE),"KHONG TIM THAY") -> SSD 512GB | F3: =IFERROR(VLOOKUP(TRIM(B3),'danh-muc-linh-kien'!$A$2:$D$6,3,FALSE),0) -> 950000
A4: TRAM003 | B4: HDD001 | C4: 8GB | D4: 2026-10-01 | E4: =IFERROR(VLOOKUP(TRIM(B4),'danh-muc-linh-kien'!$A$2:$D$6,2,FALSE),"KHONG TIM THAY") -> HDD 1TB | F4: =IFERROR(VLOOKUP(TRIM(B4),'danh-muc-linh-kien'!$A$2:$D$6,3,FALSE),0) -> 800000
A5: TRAM004 | B5: RAM001 | C5: 8GB | D5: 2026-10-01 | E5: =IFERROR(VLOOKUP(TRIM(B5),'danh-muc-linh-kien'!$A$2:$D$6,2,FALSE),"KHONG TIM THAY") -> RAM 8GB | F5: =IFERROR(VLOOKUP(TRIM(B5),'danh-muc-linh-kien'!$A$2:$D$6,3,FALSE),0) -> 450000
A6: TRAM005 | B6: CPU001 | C6: 8GB | D6: 2026-10-01 | E6: =IFERROR(VLOOKUP(TRIM(B6),'danh-muc-linh-kien'!$A$2:$D$6,2,FALSE),"KHONG TIM THAY") -> CPU 4 cores | F6: =IFERROR(VLOOKUP(TRIM(B6),'danh-muc-linh-kien'!$A$2:$D$6,3,FALSE),0) -> 1800000
A7: TRAM006 | B7: SSD001 | C7: 8GB | D7: 2026-10-01 | E7: =IFERROR(VLOOKUP(TRIM(B7),'danh-muc-linh-kien'!$A$2:$D$6,2,FALSE),"KHONG TIM THAY") -> SSD 256GB | F7: =IFERROR(VLOOKUP(TRIM(B7),'danh-muc-linh-kien'!$A$2:$D$6,3,FALSE),0) -> 650000
A8: TRAM007 | B8: SSD002 | C8: 8GB | D8: 2026-10-01 | E8: =IFERROR(VLOOKUP(TRIM(B8),'danh-muc-linh-kien'!$A$2:$D$6,2,FALSE),"KHONG TIM THAY") -> SSD 512GB | F8: =IFERROR(VLOOKUP(TRIM(B8),'danh-muc-linh-kien'!$A$2:$D$6,3,FALSE),0) -> 950000
A9: TRAM008 | B9: HDD001 | C9: 8GB | D9: 2026-10-01 | E9: =IFERROR(VLOOKUP(TRIM(B9),'danh-muc-linh-kien'!$A$2:$D$6,2,FALSE),"KHONG TIM THAY") -> HDD 1TB | F9: =IFERROR(VLOOKUP(TRIM(B9),'danh-muc-linh-kien'!$A$2:$D$6,3,FALSE),0) -> 800000
A10: TRAM009 | B10: RAM001 | C10: 8GB | D10: 2026-10-01 | E10: =IFERROR(VLOOKUP(TRIM(B10),'danh-muc-linh-kien'!$A$2:$D$6,2,FALSE),"KHONG TIM THAY") -> RAM 8GB | F10: =IFERROR(VLOOKUP(TRIM(B10),'danh-muc-linh-kien'!$A$2:$D$6,3,FALSE),0) -> 450000
A11: TRAM010 | B11: CPU001 | C11: 8GB | D11: 2026-10-01 | E11: =IFERROR(VLOOKUP(TRIM(B11),'danh-muc-linh-kien'!$A$2:$D$6,2,FALSE),"KHONG TIM THAY") -> CPU 4 cores | F11: =IFERROR(VLOOKUP(TRIM(B11),'danh-muc-linh-kien'!$A$2:$D$6,3,FALSE),0) -> 1800000
A12: TRAM011 | B12: SSD001 | C12: 8GB | D12: 2026-10-01 | E12: =IFERROR(VLOOKUP(TRIM(B12),'danh-muc-linh-kien'!$A$2:$D$6,2,FALSE),"KHONG TIM THAY") -> SSD 256GB | F12: =IFERROR(VLOOKUP(TRIM(B12),'danh-muc-linh-kien'!$A$2:$D$6,3,FALSE),0) -> 650000
A13: TRAM012 | B13: SSD002 | C13: 8GB | D13: 2026-10-01 | E13: =IFERROR(VLOOKUP(TRIM(B13),'danh-muc-linh-kien'!$A$2:$D$6,2,FALSE),"KHONG TIM THAY") -> SSD 512GB | F13: =IFERROR(VLOOKUP(TRIM(B13),'danh-muc-linh-kien'!$A$2:$D$6,3,FALSE),0) -> 950000
... A101: TRAM100 | B101: CPU001 | C101: 8GB | D101: 2026-10-01 | E101: =IFERROR(VLOOKUP(TRIM(B101),'danh-muc-linh-kien'!$A$2:$D$6,2,FALSE),"KHONG TIM THAY") -> CPU 4 cores | F101: =IFERROR(VLOOKUP(TRIM(B101),'danh-muc-linh-kien'!$A$2:$D$6,3,FALSE),0) -> 1800000
